Domain,Status,Attractiveness,Demand,Length,Sectors,Created,Expires,Registrar
brief.vodka,available,124,19%,5,"Business,Education,General,Law",,,
complete.vodka,available,120,21%,8,"Manufacturing,Retail,Technology",,,
second.vodka,available,120,23%,6,"General,Mathematics",,,
wizard.vodka,available,118,42%,6,"Entertainment,Media,Technology",,,
tenth.vodka,available,116,7%,5,Mathematics,,,
flat.vodka,available,116,24%,4,"Construction,Real Estate",,,
equal.vodka,available,116,19%,5,"Education,General,Law",,,
tonic.vodka,expiring,114,22%,5,"Health and Fitness,Medicine,Science",15/09/2014 16:00,15/09/2025 16:00,Nom-iq Ltd. dba COM LAUDE
acute.vodka,available,112,9%,5,"Mathematics,Medicine,Science",,,
hotshot.vodka,available,112,14%,7,"Business,Entertainment,Sports",,,
above.vodka,available,112,22%,5,Business,,,
abstract.vodka,available,108,29%,8,"Arts,Humanities,Science",,,
abiding.vodka,available,106,5%,7,"General,Religion",,,
teen.vodka,available,104,14%,4,"Education,Entertainment,Healthcare",,,
expert.vodka,available,104,26%,6,"Business,Education,Technology",,,
active.vodka,available,104,27%,6,"Health and Fitness,Sports,Travel",,,
extra.vodka,available,102,26%,5,"Fashion,Retail,Technology",,,
captive.vodka,available,102,14%,7,"Entertainment,Hospitality,Technology",,,
absent.vodka,available,102,8%,6,"Business,Education,Technology",,,
ninth.vodka,available,100,9%,5,Mathematics,,,
eighth.vodka,available,100,6%,6,Mathematics,,,
sixth.vodka,available,100,8%,5,Mathematics,,,
crack.vodka,available,100,20%,5,Sports,,,
third.vodka,available,100,16%,5,Mathematics,,,
abrupt.vodka,available,100,3%,6,"Medicine,Science",,,
remove.vodka,available,100,13%,6,"Construction,Manufacturing,Technology",,,
whiz.vodka,available,100,12%,4,"Business,Education,Technology",,,
adjunct.vodka,available,100,5%,7,Education,,,
genius.vodka,available,98,46%,6,"Arts,Education,Technology",,,
whizz.vodka,available,98,11%,5,"Business,Education,Technology",,,
doable.vodka,available,96,9%,6,"Business,Education,Technology",,,
actual.vodka,available,96,22%,6,"Real Estate,Retail,Technology",,,
forgiving.vodka,available,96,3%,9,"Healthcare,Religion",,,
academic.vodka,available,96,20%,8,"Education,Humanities,Science",,,
alamode.vodka,available,96,12%,9,Fashion,,,
about.vodka,available,94,28%,5,"Business,General,Media,Technology",,,
adequate.vodka,available,94,9%,8,"Education,Healthcare,Technology",,,
abject.vodka,available,94,7%,6,Humanities,,,
virtuoso.vodka,available,94,16%,8,"Arts,Entertainment",,,
around.vodka,available,94,22%,6,"Business,General,Media,Technology",,,
neutral.vodka,available,92,20%,7,"Business,Media,Politics",,,
adept.vodka,available,92,24%,5,"Education,Health and Fitness,Sports",,,
next.vodka,available,92,43%,4,"Retail,Technology,Transportation",,,
adjective.vodka,available,92,5%,9,Education,,,
twentieth.vodka,available,92,3%,9,Mathematics,,,
abroad.vodka,available,92,12%,6,"Hospitality,Travel",,,
exemplary.vodka,available,92,5%,9,"Business,Education,Healthcare",,,
nought.vodka,available,92,4%,6,Mathematics,,,
derelict.vodka,available,92,7%,8,"Construction,Real Estate",,,
leash.vodka,available,90,7%,5,"General,Health and Fitness,Retail",,,
addictive.vodka,available,90,9%,9,Healthcare,,,
gripping.vodka,available,90,3%,8,"Entertainment,Media,Technology",,,
riveting.vodka,available,90,6%,8,"Entertainment,Media,Technology",,,
additional.vodka,available,90,8%,10,"Fashion,Retail,Technology",,,
clear.vodka,available,90,47%,5,"Manufacturing,Retail,Technology",,,
abortive.vodka,available,90,1%,8,"Medicine,Science",,,
endearing.vodka,available,90,1%,9,"Entertainment,Fashion,Retail",,,
adoring.vodka,available,90,2%,7,"Entertainment,Fashion,Retail",,,
ace.vodka,available,88,34%,3,Sports,,,
ten.vodka,available,88,28%,3,"General,Mathematics",,,
activist.vodka,available,88,12%,8,"Humanities,Politics",,,
fifteen.vodka,available,88,13%,7,Mathematics,,,
twelve.vodka,available,88,18%,6,"General,Mathematics",,,
adlib.vodka,available,88,7%,6,Entertainment,,,
sixteen.vodka,available,88,11%,7,Mathematics,,,
hundred.vodka,available,88,14%,7,Mathematics,,,
actionable.vodka,available,88,13%,10,"Business,Law",,,
wide.vodka,available,88,18%,4,"Business,Media,Technology",,,
three.vodka,available,88,24%,5,Mathematics,,,
eleven.vodka,available,88,33%,6,Mathematics,,,
proficient.vodka,available,88,8%,10,"Education,Health and Fitness,Sports",,,
engrossing.vodka,available,86,0%,10,"Entertainment,Media,Technology",,,
recondite.vodka,available,86,4%,9,"Arts,Humanities,Science",,,
intent.vodka,available,86,25%,6,"Business,Education,Technology",,,
attendant.vodka,available,86,5%,9,"Healthcare,Hospitality,Transportation",,,
extempore.vodka,available,86,3%,9,Entertainment,,,
adolescent.vodka,available,86,3%,10,"Education,Entertainment,Healthcare",,,
star.vodka,available,86,40%,4,"Entertainment,Media,Sports",,,
cipher.vodka,available,86,29%,6,Mathematics,,,
xiv.vodka,available,86,12%,3,Mathematics,,,
aboriginal.vodka,available,86,10%,10,Humanities,,,
xix.vodka,available,86,11%,3,Mathematics,,,
thousand.vodka,available,84,8%,8,Mathematics,,,
acting.vodka,available,84,12%,6,Entertainment,,,
adjustable.vodka,available,84,3%,10,"Manufacturing,Retail,Technology",,,
fourteen.vodka,available,84,8%,8,Mathematics,,,
grand.vodka,available,84,25%,5,"Finance,General",,,
accessory.vodka,available,84,8%,9,"Fashion,Retail,Technology",,,
thirteen.vodka,available,84,10%,8,Mathematics,,,
twentytwo.vodka,available,84,11%,10,Mathematics,,,
sharp.vodka,available,84,34%,5,"Arts,Fashion",,,
twentyone.vodka,available,84,13%,10,Mathematics,,,
deviate.vodka,available,84,12%,7,"Medicine,Science",,,
nineteen.vodka,available,84,8%,8,Mathematics,,,
seventeen.vodka,available,84,7%,9,Mathematics,,,
fivesome.vodka,available,82,1%,8,Sports,,,
abenaki.vodka,available,82,2%,7,Geography,,,
absorbent.vodka,available,82,3%,9,"Healthcare,Manufacturing,Retail",,,
dozen.vodka,available,82,10%,5,Mathematics,,,
abroach.vodka,available,82,1%,7,Food and Beverage,,,
abkhaz.vodka,available,82,1%,6,Geography,,,
enduring.vodka,available,82,9%,8,"Health and Fitness,Religion",,,
decade.vodka,available,82,10%,6,Mathematics,,,
altered.vodka,available,82,9%,7,"Medicine,Science",,,
cleansing.vodka,available,82,3%,9,Health and Fitness,,,
impromptu.vodka,available,82,16%,9,Entertainment,,,
abdominal.vodka,available,82,1%,9,"Health and Fitness,Medicine",,,
good.vodka,expiring,82,47%,4,"Food and Beverage,General,Health and Fitness,Retail",12/09/2018 23:40,12/09/2025 23:40,"GoDaddy.com, LLC"
absurd.vodka,available,80,16%,6,"Arts,Entertainment,Media",,,
capable.vodka,available,80,12%,7,"Business,Education,Technology",,,
twenty.vodka,available,80,12%,6,Mathematics,,,
able.vodka,available,80,29%,4,"Business,Education,General,Technology",,,
nine.vodka,available,80,24%,4,"General,Mathematics",,,
yard.vodka,available,80,26%,4,"Construction,General",,,
absolute.vodka,expiring,80,25%,8,"Engineering,Mathematics,Science",16/09/2019 19:03,16/09/2025 19:03,"GoDaddy.com, LLC"
first.vodka,available,80,36%,5,"General,Mathematics",,,
adoptable.vodka,available,80,3%,9,"Education,Healthcare",,,
superstar.vodka,available,80,18%,9,Entertainment,,,
sequent.vodka,available,80,7%,7,"Healthcare,Insurance,Transportation",,,
absorbable.vodka,available,80,0%,10,"Healthcare,Pharmaceuticals,Science",,,
some.vodka,available,80,32%,4,"Business,Media,Retail",,,
seventh.vodka,available,80,10%,7,Mathematics,,,
dorsal.vodka,available,80,6%,6,"Medicine,Science",,,
two.vodka,available,80,24%,3,Mathematics,,,
abundant.vodka,available,80,19%,8,"Agriculture,Manufacturing,Retail",,,
worshipful.vodka,available,80,1%,10,"Education,Healthcare,Religion",,,
wiz.vodka,available,80,30%,3,"Business,Education,Technology",,,
forty.vodka,available,80,9%,5,Mathematics,,,
trio.vodka,available,80,21%,4,Entertainment,,,
abounding.vodka,available,78,2%,9,Agriculture,,,
accurate.vodka,available,78,16%,8,"Engineering,Mathematics,Science",,,
abkhazian.vodka,available,78,1%,9,Geography,,,
acceptable.vodka,available,78,5%,10,"Business,Hospitality,Retail",,,
athletic.vodka,available,78,15%,8,"Health and Fitness,Sports",,,
acceptant.vodka,available,78,1%,9,"Education,Healthcare",,,
adjacent.vodka,available,78,9%,8,"Construction,Real Estate,Retail",,,
adorable.vodka,available,78,8%,8,"Entertainment,Fashion,Retail",,,
recognized.vodka,available,78,3%,10,"Business,Education,Technology",,,
sixtynine.vodka,available,78,8%,10,Mathematics,,,
accessible.vodka,available,78,21%,10,"Healthcare,Retail,Technology",,,
honestly.vodka,available,78,9%,8,"Business,Law",,,
adrenal.vodka,available,78,4%,7,"Education,Healthcare,Science",,,
twentysix.vodka,available,78,8%,10,Mathematics,,,
abkhasian.vodka,available,78,1%,9,Geography,,,
absorptive.vodka,available,78,1%,10,"Healthcare,Manufacturing,Retail",,,
accepted.vodka,available,78,6%,8,"Business,Education,Technology",,,
recognised.vodka,available,78,3%,10,"Business,Education,Technology",,,
dormant.vodka,available,78,4%,7,"Medicine,Science",,,
low.vodka,available,78,20%,3,"Business,Finance",,,
accidental.vodka,available,78,11%,10,"Healthcare,Insurance,Transportation",,,
eighteen.vodka,available,76,7%,8,Mathematics,,,
adherent.vodka,available,76,4%,8,"Politics,Religion",,,
firstrate.vodka,available,76,6%,10,Business,,,
threed.vodka,available,76,7%,7,Technology,,,
thousandth.vodka,available,76,1%,10,Mathematics,,,
adipose.vodka,available,76,2%,7,"Healthcare,Science",,,
adaptable.vodka,available,76,9%,9,"Business,Education,Technology",,,
hundredth.vodka,available,76,1%,9,Mathematics,,,
obscene.vodka,available,76,5%,7,"Entertainment,Media",,,
diamond.vodka,available,76,32%,7,Fashion,,,
thirteenth.vodka,available,76,4%,10,Mathematics,,,
improvise.vodka,available,76,4%,9,Entertainment,,,
fourteenth.vodka,available,76,1%,10,Mathematics,,,
incidental.vodka,available,76,4%,10,"Healthcare,Insurance,Transportation",,,
resultant.vodka,available,76,2%,9,"Healthcare,Insurance,Transportation",,,
addable.vodka,available,76,2%,7,"Engineering,Mathematics,Science",,,
ventral.vodka,available,76,3%,7,Science,,,
fifteenth.vodka,available,76,2%,9,Mathematics,,,
ague.vodka,available,76,2%,4,"Geography,Medicine,Science",,,
adaptive.vodka,available,76,28%,8,"Business,Education,Technology",,,
auxiliary.vodka,available,76,7%,9,"Healthcare,Manufacturing,Technology",,,
energizing.vodka,available,76,3%,10,"Food and Beverage,Health and Fitness,Travel",,,
adhesive.vodka,available,76,7%,8,"Construction,Manufacturing,Technology",,,
nineteenth.vodka,available,76,3%,10,Mathematics,,,
abrasive.vodka,available,76,6%,8,"Construction,Manufacturing",,,
acoustic.vodka,available,76,14%,8,Science,,,
ancillary.vodka,available,76,6%,9,"Healthcare,Manufacturing,Technology",,,
cleared.vodka,available,74,7%,7,"Healthcare,Law,Transportation",,,
playing.vodka,available,74,12%,7,Entertainment,,,
adrenergic.vodka,available,74,1%,10,"Education,Healthcare,Science",,,
adenoid.vodka,available,74,1%,7,"Health and Fitness,Medicine,Science",,,
mavin.vodka,available,74,7%,5,"Entertainment,Fashion,Technology",,,
activated.vodka,available,74,9%,9,"Healthcare,Manufacturing,Technology",,,
supra.vodka,available,74,25%,5,"Medicine,Science",,,
single.vodka,available,74,19%,6,Sports,,,
broad.vodka,available,74,13%,5,"Entertainment,General,Media",,,
admirable.vodka,available,74,5%,9,"Business,Education,Healthcare",,,
accepting.vodka,available,74,3%,9,"Education,Healthcare",,,
abnormal.vodka,available,74,16%,8,"Medicine,Science",,,
skilful.vodka,available,74,3%,7,"Education,Health and Fitness,Sports",,,
achievable.vodka,available,74,4%,10,"Business,Education,Technology",,,
acuate.vodka,available,74,2%,6,"Engineering,Medicine,Science",,,
adapted.vodka,available,74,6%,7,"Healthcare,Manufacturing,Technology",,,
sensation.vodka,available,74,7%,9,"Entertainment,Media,Sports",,,
manageable.vodka,available,74,4%,10,"Business,Education,Technology",,,
aberrant.vodka,available,74,6%,8,"Medicine,Science",,,
realizable.vodka,available,74,1%,10,"Business,Education,Technology",,,
adamant.vodka,available,74,14%,7,Religion,,,
aching.vodka,available,72,4%,6,Healthcare,,,
existent.vodka,available,72,3%,8,"Mathematics,Science",,,
adaptative.vodka,available,72,1%,10,"Business,Education,Technology",,,
improvize.vodka,available,72,1%,9,Entertainment,,,
adjunctive.vodka,available,72,1%,10,"Healthcare,Manufacturing,Technology",,,
accustomed.vodka,available,72,1%,10,"Business,Education,Humanities",,,
ninetieth.vodka,available,72,1%,9,Mathematics,,,
addicted.vodka,available,72,9%,8,Healthcare,,,
champion.vodka,available,72,28%,8,"Entertainment,Health and Fitness,Sports",,,
seventieth.vodka,available,72,1%,10,Mathematics,,,
abreast.vodka,available,72,2%,7,"Business,Technology",,,
accusative.vodka,available,72,0%,10,"Humanities,Law",,,
trey.vodka,available,72,14%,4,Sports,,,
liv.vodka,available,72,27%,3,Mathematics,,,
abloom.vodka,available,72,5%,6,Agriculture,,,
lovely.vodka,available,72,26%,6,"Entertainment,Fashion,Retail",,,
ablaze.vodka,available,72,6%,6,Entertainment,,,
ternary.vodka,available,72,7%,7,Mathematics,,,
adjectival.vodka,available,72,1%,10,Education,,,
adonic.vodka,available,72,2%,6,"Arts,Education,Entertainment",,,
deep.vodka,available,72,41%,4,"Engineering,Mathematics,Science",,,
absorbed.vodka,available,72,2%,8,"Entertainment,Media,Technology",,,
adiabatic.vodka,available,72,3%,9,"Engineering,Science",,,
eightieth.vodka,available,72,1%,9,Mathematics,,,
engrossed.vodka,available,72,1%,9,"Entertainment,Media,Technology",,,
absolutist.vodka,available,72,1%,10,"Humanities,Law,Politics",,,
sixtieth.vodka,available,72,1%,8,Mathematics,,,
accumbent.vodka,available,70,1%,9,"Healthcare,Medicine,Science",,,
abulic.vodka,available,70,1%,6,Medicine,,,
practiced.vodka,available,70,3%,9,"Education,Health and Fitness,Sports",,,
acuminate.vodka,available,70,1%,9,"Engineering,Medicine,Science",,,
stillborn.vodka,available,70,2%,9,"Medicine,Science",,,
admired.vodka,available,70,5%,7,"Business,Education,Healthcare",,,
tiptop.vodka,available,70,24%,6,Fashion,,,
gymnastic.vodka,available,70,3%,9,"Entertainment,Sports",,,
skillful.vodka,available,70,9%,8,"Education,Health and Fitness,Sports",,,
recumbent.vodka,available,70,2%,9,"Healthcare,Medicine,Science",,,
adored.vodka,available,70,6%,6,"Entertainment,Fashion,Retail",,,
lowdown.vodka,available,70,6%,8,"Entertainment,Media",,,
unity.vodka,available,70,40%,5,Mathematics,,,
miserable.vodka,available,70,4%,9,Humanities,,,
offhand.vodka,available,70,2%,7,Entertainment,,,
absorbing.vodka,available,70,3%,9,"Entertainment,Media,Technology",,,
consequent.vodka,available,70,3%,10,"Business,Education,General,Technology",,,
abradant.vodka,available,70,1%,8,"Construction,Manufacturing",,,
adamantine.vodka,available,70,4%,10,Religion,,,
adjusted.vodka,available,70,5%,8,"Manufacturing,Retail,Technology",,,
abnaki.vodka,available,68,1%,6,Geography,,,
ablative.vodka,available,68,3%,8,Science,,,
septenary.vodka,available,68,1%,9,Mathematics,,,
scurvy.vodka,available,68,3%,6,Humanities,,,
licensed.vodka,available,68,5%,8,"Business,Healthcare,Insurance",,,
acerate.vodka,available,68,1%,7,Science,,,
foursome.vodka,available,68,4%,8,Sports,,,
activating.vodka,available,68,3%,10,"Healthcare,Manufacturing,Technology",,,
vindicated.vodka,available,68,2%,10,"Humanities,Law,Politics",,,
disciple.vodka,available,68,14%,8,"Education,Religion",,,
fiftieth.vodka,available,68,0%,8,Mathematics,,,
licenced.vodka,available,68,2%,8,"Business,Healthcare,Insurance",,,
achaian.vodka,available,68,2%,7,Humanities,,,
fortieth.vodka,available,68,0%,8,Mathematics,,,
aroused.vodka,available,68,3%,7,"Entertainment,Health and Fitness",,,
achaean.vodka,available,68,2%,7,Humanities,,,
aberdonian.vodka,available,68,1%,10,Geography,,,
thirtieth.vodka,available,68,1%,9,Mathematics,,,
ane.vodka,available,68,12%,3,Mathematics,,,
threesome.vodka,available,68,5%,9,Entertainment,,,
stygian.vodka,available,68,5%,7,Humanities,,,
ennead.vodka,available,68,5%,6,Mathematics,,,
decorated.vodka,available,68,3%,9,"Entertainment,Fashion,Retail",,,
abkhas.vodka,available,68,0%,6,Geography,,,
sevener.vodka,available,68,1%,7,Mathematics,,,
accredited.vodka,available,68,9%,10,"Business,Education,Healthcare",,,
aculeate.vodka,available,68,1%,8,"Engineering,Medicine,Science",,,
overseas.vodka,available,68,12%,8,"Hospitality,Travel",,,
octonary.vodka,available,68,1%,8,Mathematics,,,
abducent.vodka,available,68,0%,8,Medicine,,,
four.vodka,available,66,27%,4,Mathematics,,,
buzzing.vodka,available,66,7%,7,"Entertainment,Media,Technology",,,
thirty.vodka,available,66,8%,6,Mathematics,,,
sextet.vodka,available,66,1%,6,Entertainment,,,
deuce.vodka,available,66,9%,5,Sports,,,
xxii.vodka,available,66,6%,4,Mathematics,,,
xvii.vodka,available,66,5%,4,Mathematics,,,
modish.vodka,available,66,5%,6,Fashion,,,
eighty.vodka,available,66,6%,6,Mathematics,,,
accessary.vodka,available,66,1%,9,"Business,Law,Technology",,,
xvi.vodka,available,66,5%,3,Mathematics,,,
latest.vodka,available,66,18%,6,Technology,,,
acappella.vodka,available,66,6%,10,Entertainment,,,
abstinent.vodka,available,66,1%,9,"Health and Fitness,Religion",,,
onec.vodka,available,66,6%,5,Mathematics,,,
adorned.vodka,available,66,5%,7,"Entertainment,Fashion,Retail",,,
xviii.vodka,available,66,5%,5,Mathematics,,,
teenager.vodka,available,66,4%,8,"Education,Entertainment,Healthcare",,,
maven.vodka,available,66,30%,5,"Entertainment,Fashion,Technology",,,
performing.vodka,available,66,6%,10,Entertainment,,,
clv.vodka,available,66,10%,3,Mathematics,,,
xii.vodka,available,66,10%,3,Mathematics,,,
adopted.vodka,available,66,4%,7,"Education,Healthcare",,,
xxvi.vodka,available,66,3%,4,Mathematics,,,
xxi.vodka,available,66,10%,3,Mathematics,,,
six.vodka,available,66,26%,3,Mathematics,,,
acrobatic.vodka,available,66,4%,9,"Entertainment,Sports",,,
ninety.vodka,available,66,11%,6,Mathematics,,,
xiii.vodka,available,66,9%,4,Mathematics,,,
acervate.vodka,available,66,1%,8,Science,,,
according.vodka,available,66,3%,9,"Business,Education,Technology",,,
exonerated.vodka,available,66,2%,10,"Humanities,Law,Politics",,,
xxv.vodka,available,66,6%,3,Mathematics,,,
tenner.vodka,available,66,5%,6,Finance,,,
five.vodka,available,66,26%,4,Mathematics,,,
fifty.vodka,available,66,12%,5,Mathematics,,,
century.vodka,available,66,17%,7,Education,,,
adagio.vodka,available,64,14%,6,Entertainment,,,
nondrinker.vodka,available,64,1%,10,"Health and Fitness,Religion",,,
deviant.vodka,available,64,12%,7,"Medicine,Science",,,
rising.vodka,available,64,18%,6,"Construction,Manufacturing,Real Estate",,,
absolved.vodka,available,64,1%,8,"Humanities,Law,Religion",,,
scatty.vodka,available,64,1%,6,"Arts,Entertainment,Media",,,
acentric.vodka,available,64,2%,8,Science,,,
accordant.vodka,available,64,3%,9,"Arts,Entertainment",,,
aflame.vodka,available,64,3%,6,Entertainment,,,
astringent.vodka,available,64,1%,10,"Healthcare,Pharmaceuticals",,,
ccc.vodka,available,64,38%,3,Mathematics,,,
accusing.vodka,available,62,1%,8,Law,,,
accrued.vodka,available,62,2%,7,"Banking,Finance,Insurance",,,
exculpated.vodka,available,62,1%,10,"Humanities,Law,Politics",,,
activistic.vodka,available,62,1%,10,"Humanities,Politics",,,
abo.vodka,available,62,15%,3,Science,,,
pungent.vodka,available,62,1%,7,Food and Beverage,,,
wrapped.vodka,available,62,13%,7,"Fashion,Hospitality,Retail",,,
admissible.vodka,available,62,1%,10,"Education,Healthcare,Law",,,
cumulative.vodka,available,62,2%,10,"Banking,Finance,Insurance",,,
longdozen.vodka,available,62,2%,10,Mathematics,,,
twodozen.vodka,available,62,1%,9,Mathematics,,,
eighteenth.vodka,available,62,1%,10,Mathematics,,,
aborigine.vodka,available,62,1%,9,Humanities,,,
sixteenth.vodka,available,62,1%,9,Mathematics,,,
eleventh.vodka,available,62,5%,8,Mathematics,,,
chiliad.vodka,available,62,2%,7,Mathematics,,,
nail.vodka,available,62,16%,4,"Construction,Fashion,General,Retail",,,
orso.vodka,available,62,9%,5,"Business,Media,Technology",,,
acidic.vodka,available,62,5%,6,"Food and Beverage,Science",,,
adoptive.vodka,available,62,1%,8,"Education,Healthcare",,,
aufait.vodka,available,62,3%,7,"Fashion,Media",,,
adjuvant.vodka,available,62,5%,8,"Healthcare,Manufacturing,Technology",,,
roughly.vodka,available,62,3%,7,"Business,Media,Technology",,,
fortyfour.vodka,available,62,6%,10,Mathematics,,,
activation.vodka,available,62,16%,10,"Healthcare,Manufacturing,Technology",,,
quartet.vodka,available,62,7%,7,"Arts,Entertainment",,,
playacting.vodka,available,62,1%,10,Entertainment,,,
troika.vodka,available,62,8%,6,Politics,,,
ensuant.vodka,available,62,1%,7,"Healthcare,Insurance,Transportation",,,
xcl.vodka,available,60,5%,3,Mathematics,,,
cxlv.vodka,available,60,2%,4,Mathematics,,,
cautionary.vodka,available,60,1%,10,"Business,Education,Healthcare",,,
cxl.vodka,available,60,7%,3,Mathematics,,,
adnate.vodka,available,60,1%,6,"Agriculture,Manufacturing,Retail",,,
eightysix.vodka,available,60,7%,10,Mathematics,,,
thou.vodka,available,60,7%,4,Mathematics,,,
tertiary.vodka,available,60,4%,8,Education,,,
cxv.vodka,available,60,4%,3,Mathematics,,,
abstemious.vodka,available,60,0%,10,"Food and Beverage,Health and Fitness,Hospitality",,,
cxxv.vodka,available,60,1%,4,Mathematics,,,
cxxxv.vodka,available,60,2%,5,Mathematics,,,
idolised.vodka,available,60,1%,8,"Entertainment,Fashion,Retail",,,
paunchy.vodka,available,60,0%,7,"Health and Fitness,Medicine",,,
adnexal.vodka,available,60,1%,7,"Agriculture,Manufacturing,Retail",,,
sixty.vodka,available,60,13%,5,Mathematics,,,
acceptive.vodka,available,60,1%,9,"Education,Healthcare",,,
clxxx.vodka,available,60,1%,5,Mathematics,,,
annexal.vodka,available,60,1%,7,"Agriculture,Manufacturing,Retail",,,
clxv.vodka,available,60,1%,4,Mathematics,,,
clxxv.vodka,available,60,1%,5,Mathematics,,,
clx.vodka,available,60,10%,3,Mathematics,,,
idolized.vodka,available,60,3%,8,"Entertainment,Fashion,Retail",,,
abstainer.vodka,available,60,0%,9,"Health and Fitness,Religion",,,
cxxx.vodka,available,60,4%,4,Mathematics,,,
octet.vodka,available,60,12%,5,Arts,,,
clxx.vodka,available,60,3%,4,Mathematics,,,
cxx.vodka,available,60,10%,3,Mathematics,,,
abashed.vodka,available,60,1%,7,Humanities,,,
aboveboard.vodka,available,60,5%,10,"Business,Law",,,
tercet.vodka,available,59,2%,6,"Arts,Entertainment,Media",,,
accented.vodka,available,58,3%,8,"Arts,Entertainment",,,
adjustive.vodka,available,58,1%,9,"Manufacturing,Retail,Technology",,,
pentad.vodka,available,58,2%,6,Mathematics,,,
abridged.vodka,available,58,4%,8,Media,,,
addressed.vodka,available,58,3%,9,"Business,Technology,Telecommunications",,,
linear.vodka,available,58,22%,6,"Engineering,Mathematics,Science",,,
lxxx.vodka,available,58,2%,4,Mathematics,,,
justabout.vodka,available,58,3%,10,"Business,Media,Technology",,,
ache.vodka,available,58,7%,4,Healthcare,,,
adient.vodka,available,58,4%,6,"Medicine,Science",,,
sixtyone.vodka,available,58,3%,9,Mathematics,,,
seven.vodka,available,58,36%,5,Mathematics,,,
accoutred.vodka,available,58,1%,9,"Fashion,Manufacturing,Retail",,,
enwrapped.vodka,available,58,0%,9,"Entertainment,Fashion,Media",,,
heptad.vodka,available,58,1%,6,Mathematics,,,
abuzz.vodka,available,58,5%,5,"Entertainment,Media,Technology",,,
centesimal.vodka,available,58,1%,10,Mathematics,,,
twelfth.vodka,available,58,2%,7,Mathematics,,,
sextuplet.vodka,available,58,1%,9,Healthcare,,,
niner.vodka,available,58,5%,5,Mathematics,,,
addible.vodka,available,58,2%,7,"Engineering,Mathematics,Science",,,
tetrad.vodka,available,58,5%,6,Mathematics,,,
octad.vodka,available,58,5%,5,Mathematics,,,
quintet.vodka,available,58,8%,7,"Arts,Entertainment",,,
alacarte.vodka,available,58,11%,10,Food and Beverage,,,
adhoc.vodka,available,58,24%,6,"Business,Engineering,Technology",,,
fourth.vodka,available,58,13%,6,Mathematics,,,
seventy.vodka,available,58,7%,7,Mathematics,,,
acyclic.vodka,available,58,4%,7,"Engineering,Mathematics,Science",,,
abused.vodka,available,58,5%,6,"Healthcare,Law",,,
accretive.vodka,available,58,6%,9,"Banking,Finance,Insurance",,,
hexad.vodka,available,58,4%,5,Mathematics,,,
lxxviii.vodka,available,58,1%,7,Mathematics,,,
acetic.vodka,available,58,1%,6,"Food and Beverage,Science",,,
aucourant.vodka,available,58,3%,10,"Fashion,Media",,,
actuarial.vodka,expiring,58,8%,9,"Finance,Insurance,Mathematics",07/09/2016 23:17,07/09/2025 23:17,"GoDaddy.com, LLC"
sixer.vodka,available,58,5%,5,Sports,,,
abandoned.vodka,available,58,10%,9,"Construction,Real Estate",,,
offhanded.vodka,available,58,1%,9,Entertainment,,,
fifth.vodka,available,58,12%,5,Mathematics,,,
eighter.vodka,available,58,2%,7,Mathematics,,,
closeto.vodka,available,58,3%,8,"Business,Media,Technology",,,
fourscore.vodka,available,58,4%,9,Mathematics,,,
super.vodka,available,58,47%,5,Business,,,
xliii.vodka,available,56,1%,5,Mathematics,,,
xlvi.vodka,available,56,3%,4,Mathematics,,,
xlviii.vodka,available,56,1%,6,Mathematics,,,
liii.vodka,available,56,4%,4,Mathematics,,,
fiftynine.vodka,available,56,4%,10,Mathematics,,,
accoutered.vodka,available,56,0%,10,"Fashion,Manufacturing,Retail",,,
addled.vodka,available,56,2%,6,Entertainment,,,
fiftyfour.vodka,available,56,3%,10,Mathematics,,,
admittable.vodka,available,56,1%,10,"Education,Healthcare,Hospitality",,,
fortytwo.vodka,available,56,17%,9,Mathematics,,,
lvi.vodka,available,56,8%,3,Mathematics,,,
xli.vodka,available,56,5%,3,Mathematics,,,
xxviii.vodka,available,56,1%,6,Mathematics,,,
ilx.vodka,available,56,5%,3,Mathematics,,,
fiftyone.vodka,available,56,7%,9,Mathematics,,,
xliv.vodka,available,56,2%,4,Mathematics,,,
fiftyfive.vodka,available,56,7%,10,Mathematics,,,
xxxiii.vodka,available,56,2%,6,Mathematics,,,
lvii.vodka,available,56,1%,4,Mathematics,,,
xxxv.vodka,available,56,4%,4,Mathematics,,,
fiftytwo.vodka,available,56,6%,9,Mathematics,,,
fortynine.vodka,available,56,3%,10,Mathematics,,,
xxxviii.vodka,available,56,1%,7,Mathematics,,,
maledict.vodka,available,56,1%,8,Religion,,,
triad.vodka,available,56,15%,5,Arts,,,
abeyant.vodka,available,56,1%,7,"Business,Law",,,
potbellied.vodka,available,56,0%,10,"Health and Fitness,Medicine",,,
xxiii.vodka,available,56,5%,5,Mathematics,,,
thirtyone.vodka,available,56,5%,10,Mathematics,,,
xxxiv.vodka,available,56,1%,5,Mathematics,,,
appressed.vodka,available,56,0%,9,"Agriculture,Manufacturing,Retail",,,
lii.vodka,available,56,7%,3,Mathematics,,,
fiftysix.vodka,available,56,4%,9,Mathematics,,,
xlv.vodka,available,56,6%,3,Mathematics,,,
xxix.vodka,available,56,4%,4,Mathematics,,,
admittible.vodka,available,56,1%,10,"Education,Healthcare,Hospitality",,,
fortyone.vodka,available,56,4%,9,Mathematics,,,
terzetto.vodka,available,56,3%,8,Arts,,,
halfdozen.vodka,available,56,1%,10,Mathematics,,,
xxxii.vodka,available,56,1%,5,Mathematics,,,
admissive.vodka,available,56,1%,9,"Education,Healthcare,Hospitality",,,
xxvii.vodka,available,56,3%,5,Mathematics,,,
xxxvii.vodka,available,56,2%,6,Mathematics,,,
xxxvi.vodka,available,56,1%,5,Mathematics,,,
thirtysix.vodka,available,56,5%,10,Mathematics,,,
aone.vodka,available,56,15%,5,Food and Beverage,,,
lviii.vodka,available,56,1%,5,Mathematics,,,
xlii.vodka,available,56,5%,4,Mathematics,,,
thirtytwo.vodka,available,56,5%,10,Mathematics,,,
xxxi.vodka,available,56,9%,4,Mathematics,,,
xxiv.vodka,available,56,5%,4,Mathematics,,,
xlvii.vodka,available,56,2%,5,Mathematics,,,
abdominous.vodka,available,56,0%,10,"Health and Fitness,Medicine",,,
fortysix.vodka,available,56,3%,9,Mathematics,,,
abatic.vodka,available,54,1%,6,Science,,,
topnotch.vodka,available,54,18%,8,Business,,,
unnatural.vodka,available,54,4%,9,"Medicine,Science",,,
quatern.vodka,available,54,2%,7,Mathematics,,,
quintuplet.vodka,available,54,1%,10,"Healthcare,Medicine,Science",,,
adducting.vodka,available,54,1%,9,"Engineering,Mathematics,Science",,,
fortyfive.vodka,available,54,4%,10,Mathematics,,,
abasic.vodka,available,54,1%,6,Science,,,
deserted.vodka,available,54,3%,8,"Hospitality,Real Estate",,,
adductive.vodka,available,54,0%,9,"Engineering,Mathematics,Science",,,
abhorrent.vodka,available,54,1%,9,Humanities,,,
twoscore.vodka,available,54,2%,8,Mathematics,,,
quadruplet.vodka,available,54,1%,10,"Healthcare,Medicine,Science",,,
threescore.vodka,available,54,1%,10,Mathematics,,,
aboral.vodka,available,54,2%,6,Science,,,
sise.vodka,available,54,5%,4,Mathematics,,,
viii.vodka,available,54,6%,4,Mathematics,,,
adducent.vodka,available,54,1%,8,"Engineering,Mathematics,Science",,,
acoustical.vodka,available,54,4%,10,Science,,,
actuated.vodka,available,54,2%,8,"Automotive,Manufacturing,Technology",,,
achromatic.vodka,available,54,4%,10,Science,,,
abaxial.vodka,available,54,1%,7,Science,,,
abient.vodka,available,54,1%,6,Science,,,
adaxial.vodka,available,54,2%,7,Science,,,
admonitory.vodka,available,54,0%,10,"Business,Education,Healthcare",,,
vii.vodka,available,54,13%,3,Mathematics,,,
fin.vodka,available,54,30%,3,Finance,,,
iii.vodka,available,54,24%,3,Mathematics,,,
deuceace.vodka,available,54,2%,9,Sports,,,
abducens.vodka,available,54,1%,8,Medicine,,,
monitory.vodka,available,54,3%,8,"Business,Education,Healthcare",,,
accursed.vodka,available,54,3%,8,"Entertainment,Media,Religion",,,
quaternion.vodka,available,54,6%,10,Mathematics,,,
ternion.vodka,available,54,3%,7,Mathematics,,,
adpressed.vodka,available,54,0%,9,"Agriculture,Manufacturing,Retail",,,
achy.vodka,available,54,3%,4,Healthcare,,,
accentual.vodka,available,54,3%,9,"Arts,Entertainment",,,
abatable.vodka,available,54,1%,8,Law,,,
quaternity.vodka,available,54,4%,10,Mathematics,,,
scratchy.vodka,available,54,3%,8,Fashion,,,
adjuratory.vodka,available,54,0%,10,"Law,Politics,Religion",,,
septet.vodka,available,53,1%,6,General,,,
sestet.vodka,available,53,1%,6,Arts,,,
lxii.vodka,available,52,1%,4,Mathematics,,,
xci.vodka,available,52,4%,3,Mathematics,,,
lxxv.vodka,available,52,1%,4,Mathematics,,,
decumbent.vodka,available,52,1%,9,"Healthcare,Medicine,Science",,,
lxxiii.vodka,available,52,1%,6,Mathematics,,,
ablated.vodka,available,52,1%,7,Science,,,
lxxvi.vodka,available,52,1%,5,Mathematics,,,
detestable.vodka,available,52,1%,10,Humanities,,,
ninetysix.vodka,available,52,4%,10,Mathematics,,,
repugnant.vodka,available,52,1%,9,Humanities,,,
xcvi.vodka,available,52,2%,4,Mathematics,,,
chagrined.vodka,available,52,1%,9,Humanities,,,
ninetyone.vodka,available,52,5%,10,Mathematics,,,
lxxii.vodka,available,52,1%,5,Mathematics,,,
lxxvii.vodka,available,52,2%,6,Mathematics,,,
lxxxv.vodka,available,52,1%,5,Mathematics,,,
lxvii.vodka,available,52,1%,5,Mathematics,,,
lxvi.vodka,available,52,3%,4,Mathematics,,,
lxxxvii.vodka,available,52,1%,7,Mathematics,,,
lxi.vodka,available,52,5%,3,Mathematics,,,
ixc.vodka,available,52,5%,3,Mathematics,,,
lxxxiii.vodka,available,52,1%,7,Mathematics,,,
ninetytwo.vodka,available,52,4%,10,Mathematics,,,
abstruse.vodka,available,52,5%,8,"Humanities,Mathematics,Science",,,
odious.vodka,available,52,2%,6,"Entertainment,Humanities",,,
sixtyfour.vodka,available,52,3%,10,Mathematics,,,
lxv.vodka,available,52,5%,3,Mathematics,,,
eightytwo.vodka,available,52,4%,10,Mathematics,,,
littlejoe.vodka,available,52,2%,10,"Entertainment,Media",,,
xciii.vodka,available,52,1%,5,Mathematics,,,
aboulic.vodka,available,52,1%,7,Medicine,,,
abysmal.vodka,available,52,4%,7,"Arts,Entertainment,Media",,,
xcv.vodka,available,52,7%,3,Mathematics,,,
lxxxii.vodka,available,52,1%,6,Mathematics,,,
eightyone.vodka,available,52,3%,10,Mathematics,,,
lxiii.vodka,available,52,2%,5,Mathematics,,,
ixl.vodka,available,52,9%,3,Mathematics,,,
xcvii.vodka,available,52,1%,5,Mathematics,,,
abusive.vodka,available,52,3%,7,"Healthcare,Law",,,
lxiv.vodka,available,52,3%,4,Mathematics,,,
lxxxiv.vodka,available,52,1%,6,Mathematics,,,
lxxi.vodka,available,52,1%,4,Mathematics,,,
adenoidal.vodka,available,52,1%,9,"Health and Fitness,Medicine,Science",,,
sixtyfive.vodka,available,52,3%,10,Mathematics,,,
xcii.vodka,available,52,2%,4,Mathematics,,,
lxxxvi.vodka,available,52,1%,6,Mathematics,,,
xciv.vodka,available,52,2%,4,Mathematics,,,
sixtytwo.vodka,available,52,3%,9,Mathematics,,,
lxxxi.vodka,available,52,1%,5,Mathematics,,,
sixtysix.vodka,available,52,4%,9,Mathematics,,,
lxviii.vodka,available,52,1%,6,Mathematics,,,
tierce.vodka,available,52,3%,6,General,,,
uphill.vodka,available,52,7%,6,"Sports,Transportation,Travel",,,
lxxiv.vodka,available,52,1%,5,Mathematics,,,
repulsive.vodka,available,52,1%,9,Humanities,,,
abominable.vodka,available,52,2%,10,"Entertainment,Humanities",,,
xcviii.vodka,available,52,1%,6,Mathematics,,,
triplet.vodka,available,50,8%,7,Science,,,
spinous.vodka,available,50,1%,7,"Agriculture,Science",,,
cinque.vodka,available,50,7%,6,Mathematics,,,
acapnotic.vodka,available,50,0%,9,"Healthcare,Medicine,Science",,,
acapnic.vodka,available,50,0%,7,"Healthcare,Medicine,Science",,,
abranchial.vodka,available,50,0%,10,Science,,,
lxx.vodka,available,50,5%,3,Mathematics,,,
acquitted.vodka,available,50,1%,9,Law,,,
aborticide.vodka,available,50,0%,10,Medicine,,,
vinegary.vodka,available,50,1%,8,Food and Beverage,,,
needlelike.vodka,available,50,0%,10,"Engineering,Medicine,Science",,,
adactylous.vodka,available,50,0%,10,Science,,,
acerbic.vodka,available,50,2%,7,"Arts,Humanities,Media",,,
adhominem.vodka,available,50,2%,10,"Humanities,Law,Politics",,,
abactinal.vodka,available,50,0%,9,Science,,,
acetous.vodka,available,50,1%,7,Science,,,
abdicable.vodka,available,50,0%,9,Law,,,
abducting.vodka,available,50,0%,9,Medicine,,,
acerose.vodka,available,50,1%,7,Science,,,
quint.vodka,available,50,13%,5,"Arts,Entertainment",,,
abbatial.vodka,available,50,0%,8,Religion,,,
broached.vodka,available,50,0%,8,Food and Beverage,,,
scummy.vodka,available,50,1%,6,Humanities,,,
abomasal.vodka,available,50,0%,8,Agriculture,,,
trine.vodka,available,50,11%,5,"General,Religion",,,
aculeated.vodka,available,50,0%,9,"Engineering,Medicine,Science",,,
ogdoad.vodka,available,50,1%,6,Mathematics,,,
acerb.vodka,available,50,2%,5,Science,,,
acellular.vodka,available,50,1%,9,Science,,,
gillless.vodka,available,50,0%,9,Science,,,
acetose.vodka,available,50,1%,7,Science,,,
acaudal.vodka,available,50,1%,7,"Agriculture,Science",,,
notguilty.vodka,available,48,5%,10,Law,,,
ilxx.vodka,available,48,1%,4,Mathematics,,,
lxxxviii.vodka,available,48,1%,8,Mathematics,,,
execrable.vodka,available,48,0%,9,"Entertainment,Humanities",,,
apriori.vodka,available,48,13%,8,Mathematics,,,
abyssal.vodka,available,48,12%,7,"Arts,Entertainment,Media",,,
ilxxx.vodka,available,48,1%,5,Mathematics,,,
abstracted.vodka,available,48,5%,10,"Arts,Humanities,Science",,,
stemless.vodka,available,46,2%,8,"Agriculture,Science",,,
achenial.vodka,available,46,1%,8,Science,,,
achromic.vodka,available,46,2%,8,Science,,,
acetonic.vodka,available,46,1%,8,Science,,,
acetabular.vodka,available,46,1%,10,Science,,,
achromous.vodka,available,46,1%,9,Science,,,
stripling.vodka,available,46,2%,9,"Education,Entertainment,Healthcare",,,
acapnial.vodka,available,46,0%,8,"Healthcare,Medicine,Science",,,
acanthoid.vodka,available,46,1%,9,"Agriculture,Science",,,
quaternary.vodka,available,46,3%,10,Mathematics,,,
acetylic.vodka,available,46,1%,8,Science,,,
acephalous.vodka,available,46,1%,10,Science,,,
acetylenic.vodka,available,46,1%,10,Science,,,
acanthotic.vodka,available,46,0%,10,"Agriculture,Science",,,
cotyloid.vodka,available,46,1%,8,Science,,,
acarpelous.vodka,available,46,0%,10,"Agriculture,Science",,,
vinegarish.vodka,available,46,1%,10,Food and Beverage,,,
acaudate.vodka,available,46,1%,8,"Agriculture,Science",,,
acheronian.vodka,available,46,1%,10,Humanities,,,
acicular.vodka,available,46,2%,8,Science,,,
acanthous.vodka,available,46,0%,9,"Agriculture,Science",,,
theabsurd.vodka,available,46,1%,10,"Arts,Entertainment,Media",,,
acarpous.vodka,available,46,0%,8,"Agriculture,Science",,,
accusatory.vodka,available,44,1%,10,Law,,,
acherontic.vodka,available,44,1%,10,Humanities,,,
cotyloidal.vodka,available,44,1%,10,Science,,,
phoebe.vodka,available,41,14%,6,Science,,,
abscessed.vodka,available,41,0%,9,Healthcare,,,
scurrilous.vodka,available,40,1%,10,"Entertainment,Media,Politics",,,
accurst.vodka,available,40,1%,7,Religion,,,
accusive.vodka,available,40,1%,8,Law,,,